{"cameraMode":{"drawMode":21,"name":"Validate Albedo","section":"Material Validation"},"sceneLighting":false,"audioPlay":false,"sceneViewState":{"m_AlwaysRefresh":false,"showFog":false,"showSkybox":false,"showFlares":false,"showImageEffects":false,"showParticleSystems":false,"showVisualEffectGraphs":true,"m_FxEnabled":true},"in2DMode":false,"pivot":{"x":0.00028884410858154297,"y":0.7777107954025269,"z":-0.04062940180301666},"rotation":{"x":0.17800627648830415,"y":-0.8220072388648987,"z":0.38428816199302676,"w":0.38076943159103396},"size":1.0140013694763184,"orthographic":false}