{"cameraMode":{"drawMode":0,"name":"Shaded","section":"Shading Mode"},"sceneLighting":false,"audioPlay":false,"sceneViewState":{"m_AlwaysRefresh":false,"showFog":true,"showSkybox":false,"showFlares":true,"showImageEffects":true,"showParticleSystems":true,"showVisualEffectGraphs":true,"m_FxEnabled":true},"in2DMode":false,"pivot":{"x":-1.1920928955078126e-7,"y":1.526086449623108,"z":1.1920928955078126e-7},"rotation":{"x":0.3769032657146454,"y":-0.24542558193206788,"z":0.10391835123300553,"w":0.8873140215873718},"size":1.5857188701629639,"orthographic":true}