{"cameraMode":{"drawMode":0,"name":"Shaded","section":"Shading Mode"},"sceneLighting":false,"audioPlay":false,"sceneViewState":{"m_AlwaysRefresh":false,"showFog":true,"showSkybox":false,"showFlares":true,"showImageEffects":true,"showParticleSystems":true,"showVisualEffectGraphs":true,"m_FxEnabled":true},"in2DMode":false,"pivot":{"x":-11.689346313476563,"y":2.5367636680603029,"z":-23.67660903930664},"rotation":{"x":-0.009907501749694348,"y":-0.5656216740608215,"z":-0.006772896274924278,"w":0.8246369957923889},"size":3.5905532836914064,"orthographic":false}