{"cameraMode":{"drawMode":0,"name":"Shaded","section":"Shading Mode"},"sceneLighting":true,"audioPlay":false,"sceneViewState":{"m_AlwaysRefresh":false,"showFog":true,"showSkybox":false,"showFlares":true,"showImageEffects":true,"showParticleSystems":true,"showVisualEffectGraphs":true,"m_FxEnabled":true},"in2DMode":false,"pivot":{"x":1.528656005859375,"y":2.3069229125976564,"z":-0.6295852661132813},"rotation":{"x":0.10621099919080734,"y":-0.04145823419094086,"z":-0.004410309251397848,"w":-0.9935051798820496},"size":232.64830017089845,"orthographic":false}