{"cameraMode":{"drawMode":3,"name":"Shadow Cascades","section":"Miscellaneous"},"sceneLighting":true,"audioPlay":false,"sceneViewState":{"m_AlwaysRefresh":false,"showFog":false,"showSkybox":false,"showFlares":false,"showImageEffects":false,"showParticleSystems":false,"showVisualEffectGraphs":true,"m_FxEnabled":true},"in2DMode":false,"pivot":{"x":0.01269378699362278,"y":0.01772485114634037,"z":0.001622797455638647},"rotation":{"x":0.001833270420320332,"y":0.9962389469146729,"z":-0.08438428491353989,"w":0.02242608554661274},"size":0.025900986045598985,"orthographic":true}