{"cameraMode":{"drawMode":3,"name":"Shadow Cascades","section":"Miscellaneous"},"sceneLighting":true,"audioPlay":false,"sceneViewState":{"m_AlwaysRefresh":false,"showFog":true,"showSkybox":false,"showFlares":true,"showImageEffects":true,"showParticleSystems":true,"showVisualEffectGraphs":true,"m_FxEnabled":true},"in2DMode":false,"pivot":{"x":0.7132916450500488,"y":-0.043616991490125659,"z":0.023903831839561464},"rotation":{"x":0.041185181587934497,"y":0.7840477228164673,"z":0.05239349603652954,"w":-0.6171980500221252},"size":0.4135960340499878,"orthographic":false}