{"cameraMode":{"drawMode":3,"name":"Shadow Cascades","section":"Miscellaneous"},"sceneLighting":true,"audioPlay":false,"sceneViewState":{"m_AlwaysRefresh":false,"showFog":true,"showSkybox":false,"showFlares":true,"showImageEffects":true,"showParticleSystems":true,"showVisualEffectGraphs":true,"m_FxEnabled":true},"in2DMode":false,"pivot":{"x":61.764305114746097,"y":2.224212646484375,"z":-48.642303466796878},"rotation":{"x":0.15975582599639893,"y":-0.026649978011846544,"z":0.0043128603138029579,"w":0.9867998957633972},"size":366.1139831542969,"orthographic":false}