{"cameraMode":{"drawMode":0,"name":"Shaded","section":"Shading Mode"},"sceneLighting":false,"audioPlay":false,"sceneViewState":{"m_AlwaysRefresh":false,"showFog":true,"showSkybox":false,"showFlares":true,"showImageEffects":true,"showParticleSystems":true,"showVisualEffectGraphs":true,"m_FxEnabled":true},"in2DMode":false,"pivot":{"x":1.1740751266479493,"y":7.855410575866699,"z":10.095041275024414},"rotation":{"x":-0.011019408702850342,"y":-0.9847007393836975,"z":0.06745362281799317,"w":-0.1606292873620987},"size":39.94896697998047,"orthographic":true}